{
  "train": {
    "auc": 0.9371659396906369,
    "ece": 0.15426643547464702,
    "brier": 0.147034153342247,
    "accuracy": 0.8009192232563483,
    "precision_macro": 0.8278262740499093,
    "recall_macro": 0.8124028688749881,
    "f1_macro": 0.799799729226121,
    "nll": 0.4992343119211155,
    "n": 43515,
    "pos_frac": 0.5407330989837646
  },
  "val": {
    "auc": 0.8109275071153523,
    "ece": 0.21994600473015158,
    "brier": 0.2436208873987198,
    "accuracy": 0.6909467149508536,
    "precision_macro": 0.7269282555341172,
    "recall_macro": 0.7117807188625873,
    "f1_macro": 0.6889310789803965,
    "nll": 1.0100701472193765,
    "n": 9665,
    "pos_frac": 0.5618209838867188
  },
  "test": {
    "auc": 0.7804584234955692,
    "ece": 0.2722977826450626,
    "brier": 0.2844746708869934,
    "accuracy": 0.6392656807751147,
    "precision_macro": 0.684312204166745,
    "recall_macro": 0.6763587016012536,
    "f1_macro": 0.6386338220020491,
    "nll": 1.107220391155804,
    "n": 9805,
    "pos_frac": 0.6026517152786255
  },
  "hyperparams": {
    "EPOCHS": 30,
    "LR": 0.0005,
    "BATCH_SIZE": 256,
    "WEIGHT_DECAY": 0.0,
    "VAL_FRAC": 0.15,
    "TEST_FRAC": 0.15,
    "SPLIT_SEED": 42
  },
  "data": {
    "hidden_dim": 3584,
    "total_positions": 62985,
    "unique_problems": 672,
    "n_train_problems": 470,
    "n_val_problems": 101,
    "n_test_problems": 101
  }
}